,Store,Dept,Weekly_Sales,IsHoliday,rolling_12w,rolling_std_12w,week_of_year
2010-02-05,1,1,24924.5,False,,,5
2010-02-12,1,1,46039.49,True,,,6
2010-02-19,1,1,41595.55,False,,,7
2010-02-26,1,1,19403.54,False,,,8
2010-03-05,1,1,21827.9,False,,,9
2010-03-12,1,1,21043.39,False,,,10
2010-03-19,1,1,22136.64,False,,,11
2010-03-26,1,1,26229.21,False,,,12
2010-04-02,1,1,57258.43,False,,,13
2010-04-09,1,1,42960.91,False,,,14
2010-04-16,1,1,17596.96,False,,,15
2010-04-23,1,1,16145.35,False,29763.489166666666,13514.119640804278,16
2010-04-30,1,1,16555.11,False,29066.039999999997,13994.00510056165,17
2010-05-07,1,1,17413.94,False,26680.5775,13258.075479909063,18
2010-05-14,1,1,18926.74,False,24791.51,12534.987031964138,19
2010-05-21,1,1,14773.04,False,24405.635,12784.712550681557,20
2010-05-28,1,1,15580.43,False,23885.0125,13024.189303511808,21
2010-06-04,1,1,17558.09,False,23594.570833333335,13131.736126646123,22
2010-06-11,1,1,16637.62,False,23136.319166666668,13282.322832865602,23
2010-06-18,1,1,16216.27,False,22301.9075,13384.479787526045,24
2010-06-25,1,1,16328.72,False,18891.098333333335,7655.683358666338,25
2010-07-02,1,1,16333.14,False,16672.1175,1078.937628647493,26
2010-07-09,1,1,17688.76,False,16679.7675,1086.3908774480687,27
2010-07-16,1,1,17150.84,False,16763.558333333334,1080.183187981132,28
2010-07-23,1,1,15360.45,False,16664.00333333333,1153.6929174953357,29
2010-07-30,1,1,15381.82,False,16494.66,1182.3914114432064,30
2010-08-06,1,1,17508.41,False,16376.465833333334,968.7659231344933,31
2010-08-13,1,1,15536.4,False,16440.079166666666,874.3703126090694,32
2010-08-20,1,1,15740.13,False,16453.3875,861.2129229188245,33
2010-08-27,1,1,15793.87,False,16306.369166666665,804.1815557047535,34
2010-09-03,1,1,16241.78,False,16273.3825,797.44905358081,35
2010-09-10,1,1,18194.74,True,16438.255,970.3482239850917,36
2010-09-17,1,1,19354.23,False,16690.380833333333,1282.2365222210522,37
2010-09-24,1,1,18122.52,False,16839.495833333334,1339.6747797029268,38
2010-10-01,1,1,20094.19,False,17039.948333333334,1627.3688665441177,39
2010-10-08,1,1,23388.03,False,17559.71416666667,2452.745944163083,40
2010-10-15,1,1,26978.34,False,18527.871666666666,3552.22582856757,41
2010-10-22,1,1,25543.04,False,19374.64,3925.5820418494695,42
2010-10-29,1,1,38640.93,False,21135.683333333334,6742.025393879447,43
2010-11-05,1,1,34238.88,False,22694.22333333333,7454.084886142927,44
2010-11-12,1,1,19549.39,False,23011.661666666667,7208.067158955673,45
2010-11-19,1,1,19552.84,False,23324.909166666668,6942.674338476188,46
2010-11-26,1,1,18820.29,True,23539.785,6740.480238026622,47
2010-12-03,1,1,22517.56,False,23900.02,6541.427555256794,48
2010-12-10,1,1,31497.65,False,24911.971666666668,6711.3488676215,49
2010-12-17,1,1,44912.86,False,27144.5,8472.37718562775,50
2010-12-24,1,1,55931.23,False,30130.92,11526.796554633436,51
2010-12-31,1,1,19124.58,True,29775.632500000003,11815.612287765041,52
2011-01-07,1,1,15984.24,False,28859.4575,12460.850595779153,1
2011-01-14,1,1,17359.7,False,28177.5125,12875.861782285865,2
2011-01-21,1,1,17341.47,False,26402.557500000006,12769.982954569767,3
2011-01-28,1,1,18461.18,False,25087.749166666672,12701.86094487623,4
2011-02-04,1,1,21665.76,False,25264.11333333333,12632.473744135743,5
2011-02-11,1,1,37887.17,True,26791.974166666667,12982.799577862777,6
2011-02-18,1,1,46845.87,False,29127.439166666667,13906.316949550443,7
2011-02-25,1,1,19363.83,False,28864.628333333338,14071.41166616965,8
2011-03-04,1,1,20327.61,False,27933.791666666668,14249.724989988621,9
2011-03-11,1,1,21280.4,False,25964.420000000002,13290.594922240045,10
2011-03-18,1,1,20334.23,False,22998.003333333338,9395.999395460658,11
2011-03-25,1,1,20881.1,False,23144.38,9343.707697479922,12
2011-04-01,1,1,20398.09,False,23512.200833333336,9120.429649242971,13
2011-04-08,1,1,23873.79,False,24055.041666666668,8912.432445399812,14
2011-04-15,1,1,28762.37,False,25006.783333333336,8738.437150395153,15
2011-04-22,1,1,50510.31,False,27677.544166666663,11127.167860033933,16
2011-04-29,1,1,41512.39,False,29331.430000000004,11616.562864400286,17
2011-05-06,1,1,20138.19,False,27852.34833333333,11557.96712401595,18
2011-05-13,1,1,17235.15,False,25384.788333333334,10217.442534225338,19
2011-05-20,1,1,15136.78,False,25032.534166666665,10512.49555578889,20
2011-05-27,1,1,15741.6,False,24650.36666666667,10779.065203244954,21
2011-06-03,1,1,16434.15,False,24246.512499999997,11005.218084402368,22
2011-06-10,1,1,15883.52,False,23875.62,11221.918609960685,23
2011-06-17,1,1,14978.09,False,23383.7025,11491.265957330876,24
2011-06-24,1,1,15682.81,False,22990.762499999997,11681.680169846468,25
2011-07-01,1,1,15363.5,False,22281.571666666667,11879.845972056157,26
2011-07-08,1,1,16148.87,False,21230.446666666667,11812.124206721082,27
2011-07-15,1,1,15654.85,False,18325.825,7430.428949309486,28
2011-07-22,1,1,15766.6,False,16180.3425,1382.3468939000445,29
2011-07-29,1,1,15922.41,False,15829.027500000002,598.5298562026871,30
2011-08-05,1,1,15295.55,False,15667.394166666667,419.3644131402099,31
2011-08-12,1,1,14539.79,False,15617.645000000002,512.9922583946334,32
2011-08-19,1,1,14689.24,False,15529.948333333334,575.9619752890694,33
2011-08-26,1,1,14537.37,False,15371.883333333333,565.4339226621158,34
2011-09-02,1,1,15277.27,False,15321.362499999997,542.16921870525,35
2011-09-09,1,1,17746.68,True,15552.078333333333,871.727308089976,36
2011-09-16,1,1,18535.48,False,15789.800833333333,1227.1342961362818,37
2011-09-23,1,1,17859.3,False,15997.784166666666,1353.3276827305342,38
2011-09-30,1,1,18337.68,False,16180.185,1513.5598855648266,39
2011-10-07,1,1,20797.58,False,16608.745833333334,2000.906291670053,40
2011-10-14,1,1,23077.55,False,17217.991666666665,2708.9403796480988,41
2011-10-21,1,1,23351.8,False,17837.1075,3191.8555107908655,42
2011-10-28,1,1,31579.9,False,19194.13666666667,4976.06864613447,43
2011-11-04,1,1,39886.06,False,21306.325833333332,7539.7762343881805,44
2011-11-11,1,1,18689.54,False,21639.684166666666,7305.407039509676,45
2011-11-18,1,1,19050.66,False,22015.791666666668,7017.001363810923,46
2011-11-25,1,1,20911.25,True,22485.289999999997,6706.771228041927,47
2011-12-02,1,1,25293.49,False,23114.19083333333,6574.564975363858,48
2011-12-09,1,1,33305.92,False,24345.060833333333,7007.789236379583,49
2011-12-16,1,1,45773.03,False,26671.205,9006.874236370297,50
2011-12-23,1,1,46788.75,False,29042.127500000002,10269.877907112741,51
2011-12-30,1,1,23350.88,True,29254.9025,10108.721575118938,52
2012-01-06,1,1,16567.69,False,28712.41416666667,10631.526550463412,1
2012-01-13,1,1,16894.4,False,28174.297499999997,11081.423295364948,2
2012-01-20,1,1,18365.1,False,27073.064166666667,11365.206128252272,3
2012-01-27,1,1,18378.16,False,25280.739166666666,10844.883012442877,4
2012-02-03,1,1,23510.49,False,25682.484999999997,10666.342314928177,5
2012-02-10,1,1,36988.49,True,27177.30416666667,10906.671337507538,6
2012-02-17,1,1,54060.1,False,29939.708333333332,13143.823409237331,7
2012-02-24,1,1,20124.22,False,29508.935833333333,13392.300091012587,8
2012-03-02,1,1,20113.03,False,28409.528333333332,13592.28495895363,9
2012-03-09,1,1,21140.07,False,26356.781666666666,12551.859414086708,10
2012-03-16,1,1,22366.88,False,24321.625833333335,10794.748708199377,11
2012-03-23,1,1,22107.7,False,24218.0275,10810.865431472284,12
2012-03-30,1,1,28952.86,False,25250.125,10603.306504433165,13
2012-04-06,1,1,57592.12,False,28641.601666666666,13734.139049147061,14
2012-04-13,1,1,34684.21,False,30001.5275,13428.619976931988,15
2012-04-20,1,1,16976.19,False,29884.69666666667,13544.536405902054,16
2012-04-27,1,1,16347.6,False,29287.789166666666,14001.123408594081,17
2012-05-04,1,1,17147.44,False,27634.368333333332,14179.459224424758,18
2012-05-11,1,1,18164.2,False,24643.043333333335,11660.4077347386,19
2012-05-18,1,1,18517.79,False,24509.174166666668,11726.039812695404,20
2012-05-25,1,1,16963.55,False,24246.7175,11867.770967418162,21
2012-06-01,1,1,16065.49,False,23823.83583333333,12077.097570328177,22
2012-06-08,1,1,17666.0,False,23432.09583333333,12204.223717722016,23
2012-06-15,1,1,17558.82,False,23053.022500000003,12319.204621834186,24
2012-06-22,1,1,16633.41,False,22026.40166666667,12296.144132352187,25
2012-06-29,1,1,15722.82,False,18537.29333333333,5151.125768225738,26
2012-07-06,1,1,17823.37,False,17132.22333333333,851.2649255224243,27
2012-07-13,1,1,16566.18,False,17098.055833333332,866.19446405195,28
2012-07-20,1,1,16348.06,False,17098.094166666666,866.1582429271274,29
2012-07-27,1,1,15731.18,False,16980.0725,951.1429049416892,30
2012-08-03,1,1,16628.31,False,16852.08166666667,877.8279061499558,31
2012-08-10,1,1,16119.92,False,16652.259166666667,723.5473369760728,32
2012-08-17,1,1,17330.7,False,16682.855,745.3415909077073,33
2012-08-24,1,1,16286.4,False,16701.264166666664,731.3030222142597,34
2012-08-31,1,1,16680.24,False,16619.1175,665.4865002817779,35
2012-09-07,1,1,18322.37,True,16682.74666666667,788.6143972282141,36
2012-09-14,1,1,19616.22,False,16931.314166666667,1156.1079459154287,37
2012-09-21,1,1,19251.5,False,17225.370833333334,1264.4658836656029,38
2012-09-28,1,1,18947.81,False,17319.07416666667,1351.4787720357735,39
2012-10-05,1,1,21904.47,False,17763.931666666667,1862.9319648527487,40
2012-10-12,1,1,22764.01,False,18298.594166666666,2291.1171046317145,41
2012-10-19,1,1,24185.27,False,19003.101666666666,2694.215360754337,42
2012-10-26,1,1,27390.81,False,19899.976666666666,3502.053409966923,43
